{"cameraMode":{"drawMode":0,"name":"Shaded","section":"Shading Mode"},"sceneLighting":true,"audioPlay":false,"sceneViewState":{"showFog":true,"showMaterialUpdate":false,"showSkybox":true,"showFlares":true,"showImageEffects":true,"showParticleSystems":true},"in2DMode":false,"pivot":{"x":-4.702361583709717,"y":10.113967895507813,"z":0.24384307861328126},"rotation":{"x":0.11335932463407517,"y":-0.11005429178476334,"z":0.012636040337383747,"w":0.9873627424240112},"size":2.506889581680298,"orthographic":false}